[{"id":"user-image-logo_transparent.png","publicUrl":"np://user.desktop.nicepage.com/Site_704015193/images/logo_transparent.png","size":5662,"fileName":"logo_transparent.png","name":"logo_transparent","width":1200,"height":1200,"thumbnail":{"url":"np://user.desktop.nicepage.com/Site_704015193/images/thumbnails/logo_transparent.png","width":250,"height":250}},{"id":"user-image-Kiprensky_Pushkin.jpg","publicUrl":"np://user.desktop.nicepage.com/Site_704015193/images/Kiprensky_Pushkin.jpg","size":2301806,"fileName":"Kiprensky_Pushkin.jpg","name":"Kiprensky_Pushkin","width":1759,"height":2048,"thumbnail":{"url":"np://user.desktop.nicepage.com/Site_704015193/images/thumbnails/Kiprensky_Pushkin.jpg","width":215,"height":250}},{"id":"user-image-goreotuma1.jpg","publicUrl":"np://user.desktop.nicepage.com/Site_704015193/images/goreotuma1.jpg","size":106727,"fileName":"goreotuma1.jpg","name":"goreotuma1","width":473,"height":700,"thumbnail":{"url":"np://user.desktop.nicepage.com/Site_704015193/images/thumbnails/goreotuma1.jpg","width":169,"height":250}},{"id":"user-image-3-67.jpg","publicUrl":"np://user.desktop.nicepage.com/Site_704015193/images/3-67.jpg","size":89623,"fileName":"3-67.jpg","name":"3-67","width":720,"height":960,"thumbnail":{"url":"np://user.desktop.nicepage.com/Site_704015193/images/thumbnails/3-67.jpg","width":188,"height":250}}]